release_tag,git_sha,image,image_digest,released_at_utc,released_by
v1.32.4-bs-v0.1,57d4142defc,767397673936.dkr.ecr.us-east-2.amazonaws.com/better-scheduler:v1.32.4-bs-v0.1,767397673936.dkr.ecr.us-east-2.amazonaws.com/better-scheduler@sha256:bb2b77c39dbe2f59ae73db6bd478a4bc76e77a169f20a65f10a529e40e2841be,2026-04-06T13:06:30Z,vscode
v1.32.4-bs-v0.2,f4595b426cd,767397673936.dkr.ecr.us-east-2.amazonaws.com/better-scheduler:v1.32.4-bs-v0.2,767397673936.dkr.ecr.us-east-2.amazonaws.com/better-scheduler@sha256:c5d0ac10fe48a6d2f8ce9827255ca17bafabf456c58b7953285508fc898db179,2026-05-04T13:23:22Z,vscode
v1.32.4-bs-v0.3,10a987bd2fc,767397673936.dkr.ecr.us-east-2.amazonaws.com/better-scheduler:v1.32.4-bs-v0.3,767397673936.dkr.ecr.us-east-2.amazonaws.com/better-scheduler@sha256:8c609b850f2a7016e625de1c42c9443efc6a310839f976c084c723d5f78b46ae,2026-05-05T15:10:26Z,vscode
v1.32.4-bs-v0.3.1,afe076663b4,767397673936.dkr.ecr.us-east-2.amazonaws.com/better-scheduler:v1.32.4-bs-v0.3.1,767397673936.dkr.ecr.us-east-2.amazonaws.com/better-scheduler@sha256:8576274bfa912a052637fdbecd41a6e90295f7d53627fe0af378a4c55c20ada7,2026-05-14T19:35:50Z,vscode
v1.32.4-bs-v0.3.2,d8ab4e07f08,767397673936.dkr.ecr.us-east-2.amazonaws.com/better-scheduler:v1.32.4-bs-v0.3.2,767397673936.dkr.ecr.us-east-2.amazonaws.com/better-scheduler@sha256:3bde387468ad235c9f3c1d3a044405adf95a30c929540b3beba3c3ac12f97089,2026-05-19T00:16:40Z,vscode
v1.32.4-bs-v0.4,f072c5990b1,767397673936.dkr.ecr.us-east-2.amazonaws.com/better-scheduler:v1.32.4-bs-v0.4,767397673936.dkr.ecr.us-east-2.amazonaws.com/better-scheduler@sha256:72452921f12efb0e430341da47794e387ac76f8ebeb97c4d3016f62bd4e87010,2026-06-09T18:42:07Z,vscode
v1.32.4-bs-v0.5,1f374fb3573,767397673936.dkr.ecr.us-east-2.amazonaws.com/better-scheduler:v1.32.4-bs-v0.5,767397673936.dkr.ecr.us-east-2.amazonaws.com/better-scheduler@sha256:192151448f1664452d9780b3397257ad50d31547c151368b7ada62a9f8669ed1,2026-07-02T20:45:35Z,vscode
v1.32.4-bs-v0.6,98bf4cff4fa,767397673936.dkr.ecr.us-east-2.amazonaws.com/better-scheduler:v1.32.4-bs-v0.6,767397673936.dkr.ecr.us-east-2.amazonaws.com/better-scheduler@sha256:a57cc5bdd0efdf528d49420fff50b1fa325db2549c02a5704e4774131c1e3440,2026-07-03T13:56:45Z,vscode
v1.32.4-bs-v0.7,22dfb9910d3,767397673936.dkr.ecr.us-east-2.amazonaws.com/better-scheduler:v1.32.4-bs-v0.7,767397673936.dkr.ecr.us-east-2.amazonaws.com/better-scheduler@sha256:4b32cd81f68c8882435812825f1aaf885daf5cea7c9b1a1d3a10db245759a5e4,2026-07-06T13:28:47Z,vscode
v1.32.4-bs-v0.8,0eb020b3da3,767397673936.dkr.ecr.us-east-2.amazonaws.com/better-scheduler:v1.32.4-bs-v0.8,767397673936.dkr.ecr.us-east-2.amazonaws.com/better-scheduler@sha256:528081ca8f5da6c2ca61c226e849674dd84187307f1dee2c2ed13e81e230ee9a,2026-07-10T14:10:09Z,vscode
v1.32.4-bs-v0.9,3961e2be095,767397673936.dkr.ecr.us-east-2.amazonaws.com/better-scheduler:v1.32.4-bs-v0.9,767397673936.dkr.ecr.us-east-2.amazonaws.com/better-scheduler@sha256:48b4050fc3fdf58a05dc9ec38f290bc426e10121d0b905e9f7c7a1222333fd83,2026-07-13T11:47:21Z,vscode
v1.32.4-bs-v0.10,fbf3e70ea16,767397673936.dkr.ecr.us-east-2.amazonaws.com/better-scheduler:v1.32.4-bs-v0.10,767397673936.dkr.ecr.us-east-2.amazonaws.com/better-scheduler@sha256:467932de62c17de6216676d0a44eb6115c8b79c980e6fcf19a936885d3dc2cb1,2026-07-27T12:45:29Z,vscode
v1.32.4-bs-v0.12,a579c3200e8,767397673936.dkr.ecr.us-east-2.amazonaws.com/better-scheduler:v1.32.4-bs-v0.12,767397673936.dkr.ecr.us-east-2.amazonaws.com/better-scheduler@sha256:125c706e063c332749b562584648d590af18ddb07bebe8818f06d824a707755e,2026-08-03T09:42:55Z,vscode
v1.32.4-bs-v0.13,75e5a57ab6a,767397673936.dkr.ecr.us-east-2.amazonaws.com/better-scheduler:v1.32.4-bs-v0.13,767397673936.dkr.ecr.us-east-2.amazonaws.com/better-scheduler@sha256:604ab597e7d01475dad0d4e5b2607008d48f7b604f56eb304588c1cdfc6ca995,2026-08-03T10:00:27Z,vscode
v1.32.4-bs-v0.14,6f0f2c12ab0,767397673936.dkr.ecr.us-east-2.amazonaws.com/better-scheduler:v1.32.4-bs-v0.14,767397673936.dkr.ecr.us-east-2.amazonaws.com/better-scheduler@sha256:d75d80d3dcf91ad8435cb0a42c3ea91a5dd736dea703f12e2c277df4dbc39a50,2026-08-14T11:52:46Z,vscode
v1.32.4-bs-v0.15,f2c46f48bed,767397673936.dkr.ecr.us-east-2.amazonaws.com/better-scheduler:v1.32.4-bs-v0.15,767397673936.dkr.ecr.us-east-2.amazonaws.com/better-scheduler@sha256:4453e2bec287b1cd3d8693754ff939efdf214aa49741982a4fb37dc5e11cb5a4,2026-09-09T11:11:52Z,vscode
